{
  "welcomeFile": "/index.html",
  "routes": [
    {
      "path": "/resources",
      "target": {
        "type": "service",
        "name": "sapui5",
        "entryPath": "/resources"
      },
      "description": "SAPUI5 Resources"
    },
    {
      "path": "/services/userapi",
      "target": {
        "type": "service",
        "name": "userapi"
      }
    },
    {
      "path": "/sap/opu/odata",
      "target": {
        "type": "destination",
        "name": "PQE",
        "entryPath": "/sap/opu/odata"
      },
      "description": "PQE"
    },
    {
      "path": "/test-resources",
      "target": {
        "type": "service",
        "name": "sapui5",
        "entryPath": "/test-resources"
      },
      "description": "SAPUI5 Test Resources"
    }
  ],
  "sendWelcomeFileRedirect": true
}