{
    "resources": [
        {
            "name": "Component-dbg.js",
            "isDebug": true
        },
        {
            "name": "Component-preload.js",
            "merged": true
        },
        {
            "name": "Component.js"
        },
        {
            "name": "controller/Admin-dbg.controller.js",
            "isDebug": true
        },
        {
            "name": "controller/Admin.controller.js"
        },
        {
            "name": "controller/App-dbg.controller.js",
            "isDebug": true
        },
        {
            "name": "controller/App.controller.js"
        },
        {
            "name": "controller/Assembly-dbg.controller.js",
            "isDebug": true
        },
        {
            "name": "controller/Assembly.controller.js"
        },
        {
            "name": "controller/BaseController-dbg.js",
            "isDebug": true
        },
        {
            "name": "controller/BaseController.js"
        },
        {
            "name": "controller/Home-dbg.controller.js",
            "isDebug": true
        },
        {
            "name": "controller/Home.controller.js"
        },
        {
            "name": "controller/NotFound-dbg.controller.js",
            "isDebug": true
        },
        {
            "name": "controller/NotFound.controller.js"
        },
        {
            "name": "css/style-dbg.css",
            "isDebug": true
        },
        {
            "name": "css/style.css"
        },
        {
            "name": "di.code-validation.core_issues.json"
        },
        {
            "name": "extended_runnable_file.html"
        },
        {
            "name": "formatter/formatter-dbg.js",
            "isDebug": true
        },
        {
            "name": "formatter/formatter.js"
        },
        {
            "name": "fragment/Action.fragment.xml"
        },
        {
            "name": "fragment/Attributes.fragment.xml"
        },
        {
            "name": "fragment/Component.fragment.xml"
        },
        {
            "name": "fragment/Detail.fragment.xml"
        },
        {
            "name": "fragment/DlList.fragment.xml"
        },
        {
            "name": "fragment/EventLog.fragment.xml"
        },
        {
            "name": "fragment/Legend.fragment.xml"
        },
        {
            "name": "fragment/Log.fragment.xml"
        },
        {
            "name": "fragment/Menu.fragment.xml"
        },
        {
            "name": "fragment/ProjectHelp.fragment.xml"
        },
        {
            "name": "fragment/ProjectPhase.fragment.xml"
        },
        {
            "name": "fragment/ReportBug.fragment.xml"
        },
        {
            "name": "fragment/admin.fragment.xml"
        },
        {
            "name": "fragment/updateRow.fragment.xml"
        },
        {
            "name": "i18n/i18n.properties",
            "raw": "i18n/i18n.properties"
        },
        {
            "name": "images/Green.png"
        },
        {
            "name": "images/Red.png"
        },
        {
            "name": "images/Yellow.png"
        },
        {
            "name": "images/abg.jpg"
        },
        {
            "name": "images/bg.jpg"
        },
        {
            "name": "images/bg.png"
        },
        {
            "name": "images/bgp.jpg"
        },
        {
            "name": "images/fav.png"
        },
        {
            "name": "images/grey.png"
        },
        {
            "name": "index.html"
        },
        {
            "name": "manifest.json"
        },
        {
            "name": "model/models-dbg.js",
            "isDebug": true
        },
        {
            "name": "model/models.js"
        },
        {
            "name": "neo-app.json"
        },
        {
            "name": "tmp/Component-preload.js",
            "merged": true
        },
        {
            "name": "tmp/Component.js"
        },
        {
            "name": "tmp/controller/Admin.controller.js"
        },
        {
            "name": "tmp/controller/App.controller.js"
        },
        {
            "name": "tmp/controller/Assembly.controller.js"
        },
        {
            "name": "tmp/controller/BaseController.js"
        },
        {
            "name": "tmp/controller/Home.controller.js"
        },
        {
            "name": "tmp/controller/NotFound.controller.js"
        },
        {
            "name": "tmp/css/style.css"
        },
        {
            "name": "tmp/extended_runnable_file.html"
        },
        {
            "name": "tmp/formatter/formatter.js"
        },
        {
            "name": "tmp/fragment/Action.fragment.xml"
        },
        {
            "name": "tmp/fragment/Attributes.fragment.xml"
        },
        {
            "name": "tmp/fragment/Component.fragment.xml"
        },
        {
            "name": "tmp/fragment/Detail.fragment.xml"
        },
        {
            "name": "tmp/fragment/DlList.fragment.xml"
        },
        {
            "name": "tmp/fragment/EventLog.fragment.xml"
        },
        {
            "name": "tmp/fragment/Legend.fragment.xml"
        },
        {
            "name": "tmp/fragment/Log.fragment.xml"
        },
        {
            "name": "tmp/fragment/Menu.fragment.xml"
        },
        {
            "name": "tmp/fragment/ProjectHelp.fragment.xml"
        },
        {
            "name": "tmp/fragment/ProjectPhase.fragment.xml"
        },
        {
            "name": "tmp/fragment/ReportBug.fragment.xml"
        },
        {
            "name": "tmp/fragment/admin.fragment.xml"
        },
        {
            "name": "tmp/fragment/updateRow.fragment.xml"
        },
        {
            "name": "tmp/i18n/i18n.properties",
            "raw": "i18n/i18n.properties"
        },
        {
            "name": "tmp/images/Green.png"
        },
        {
            "name": "tmp/images/Red.png"
        },
        {
            "name": "tmp/images/Yellow.png"
        },
        {
            "name": "tmp/images/abg.jpg"
        },
        {
            "name": "tmp/images/bg.jpg"
        },
        {
            "name": "tmp/images/bg.png"
        },
        {
            "name": "tmp/images/bgp.jpg"
        },
        {
            "name": "tmp/images/fav.png"
        },
        {
            "name": "tmp/images/grey.png"
        },
        {
            "name": "tmp/index.html"
        },
        {
            "name": "tmp/manifest.json"
        },
        {
            "name": "tmp/model/models.js"
        },
        {
            "name": "tmp/view/Admin.view.xml"
        },
        {
            "name": "tmp/view/App.view.xml"
        },
        {
            "name": "tmp/view/Assembly.view.xml"
        },
        {
            "name": "tmp/view/Home.view.xml"
        },
        {
            "name": "tmp/view/NotFound.view.xml"
        },
        {
            "name": "tmp-dbg/Component.js"
        },
        {
            "name": "tmp-dbg/controller/Admin.controller.js"
        },
        {
            "name": "tmp-dbg/controller/App.controller.js"
        },
        {
            "name": "tmp-dbg/controller/Assembly.controller.js"
        },
        {
            "name": "tmp-dbg/controller/BaseController.js"
        },
        {
            "name": "tmp-dbg/controller/Home.controller.js"
        },
        {
            "name": "tmp-dbg/controller/NotFound.controller.js"
        },
        {
            "name": "tmp-dbg/css/style.css"
        },
        {
            "name": "tmp-dbg/formatter/formatter.js"
        },
        {
            "name": "tmp-dbg/model/models.js"
        },
        {
            "name": "view/Admin.view.xml"
        },
        {
            "name": "view/App.view.xml"
        },
        {
            "name": "view/Assembly.view.xml"
        },
        {
            "name": "view/Home.view.xml"
        },
        {
            "name": "view/NotFound.view.xml"
        }
    ]
}