{
  "Component-dbg.js": 1551681903320,
  "Component-preload.js": 1551681903360,
  "Component.js": 1551674686000,
  "controller/Admin-dbg.controller.js": 1551681903320,
  "controller/Admin.controller.js": 1551674686000,
  "controller/App-dbg.controller.js": 1551681903320,
  "controller/App.controller.js": 1551674686000,
  "controller/Assembly-dbg.controller.js": 1551681903320,
  "controller/Assembly.controller.js": 1551674686000,
  "controller/BaseController-dbg.js": 1551681903320,
  "controller/BaseController.js": 1551674686000,
  "controller/Home-dbg.controller.js": 1551681903320,
  "controller/Home.controller.js": 1551674686000,
  "controller/NotFound-dbg.controller.js": 1551681903320,
  "controller/NotFound.controller.js": 1551674686000,
  "css/style-dbg.css": 1551681903320,
  "css/style.css": 1551681902540,
  "di.code-validation.core_issues.json": 1551681901930,
  "extended_runnable_file.html": 1551674686000,
  "formatter/formatter-dbg.js": 1551681903320,
  "formatter/formatter.js": 1551674686000,
  "fragment/Action.fragment.xml": 1551674686000,
  "fragment/Attributes.fragment.xml": 1551674686000,
  "fragment/Component.fragment.xml": 1551674686000,
  "fragment/Detail.fragment.xml": 1551674686000,
  "fragment/DlList.fragment.xml": 1551674686000,
  "fragment/EventLog.fragment.xml": 1551674686000,
  "fragment/Legend.fragment.xml": 1551674686000,
  "fragment/Log.fragment.xml": 1551674686000,
  "fragment/Menu.fragment.xml": 1551674686000,
  "fragment/ProjectHelp.fragment.xml": 1551674686000,
  "fragment/ProjectPhase.fragment.xml": 1551674686000,
  "fragment/ReportBug.fragment.xml": 1551674686000,
  "fragment/admin.fragment.xml": 1551674686000,
  "fragment/updateRow.fragment.xml": 1551674686000,
  "i18n/i18n.properties": 1551674686000,
  "images/Green.png": 1551674686000,
  "images/Red.png": 1551674686000,
  "images/Yellow.png": 1551674686000,
  "images/abg.jpg": 1551674686000,
  "images/bg.jpg": 1551674686000,
  "images/bg.png": 1551674686000,
  "images/bgp.jpg": 1551674686000,
  "images/fav.png": 1551674686000,
  "images/grey.png": 1551674686000,
  "index.html": 1551674686000,
  "manifest-bundle.zip": 1551681903630,
  "manifest.json": 1551681902420,
  "model/models-dbg.js": 1551681903320,
  "model/models.js": 1551674686000,
  "neo-app.json": 1551681903430,
  "resources.json": 1551681903450,
  "view/Admin.view.xml": 1551674686000,
  "view/App.view.xml": 1551674686000,
  "view/Assembly.view.xml": 1551674686000,
  "view/Home.view.xml": 1551674686000,
  "view/NotFound.view.xml": 1551674686000
}