<core:FragmentDefinition xmlns:core="sap.ui.core" xmlns="sap.m" xmlns:smartForm="sap.ui.comp.smartform"
	xmlns:smartField="sap.ui.comp.smartfield" xmlns:l="sap.ui.layout" controllerName="sap.ui.comp.sample.smartform.SmartForm" height="100%">
	<Dialog id="student" title="Add Admin" contentHeight="500px" contentWidth="150px" class="sapUiSizeCompact">
		<content>
			<smartForm:SmartForm id="smartForm" layout="ResponsiveGridLayout">
				<smartForm:Group >
					<smartForm:GroupElement label="Name">
						<ComboBox id="idName" placeholder="Select Employee Name" showSecondaryValues="true" items="{DlMembers>/results}" required="true"
							selectedKey="{admin>/Name}">
							<core:ListItem key="{DlMembers>Bname}" text="{DlMembers>Name}" additionalText="{DlMembers>Bname}"/>
						</ComboBox>
					</smartForm:GroupElement>
					<smartForm:GroupElement label="Tools Admin">
						<Switch state="{admin>/ToolAdmin}" >
							<layoutData>
								<FlexItemData growFactor="1"/>
							</layoutData>
						</Switch>
					</smartForm:GroupElement>
					<smartForm:GroupElement label="Lead/Manager">
						<Switch state="{admin>/Lead}" enabled="false">
							<layoutData>
								<FlexItemData growFactor="1"/>
							</layoutData>
						</Switch>
					</smartForm:GroupElement>
					<smartForm:GroupElement label="DL">
						<SearchField id="searchField" placeholder="search for..." enableSuggestions="true" showSearchButton="false" suggest="onSuggest"
							suggestionItems="{DlList>/results}" value="{admin>/Dl}">
							<layoutData>
								<l:GridData span="XL2 L2 M3 S10"/>
							</layoutData>
							<suggestionItems>
								<SuggestionItem text="{DlList>DlName}" key="{DlList>DlName}"/>
							</suggestionItems>
						</SearchField>
						<Button icon="sap-icon://sys-add" press="onDlAdd_create" tooltip="validate {admin>/Dl} ">
							<layoutData>
								<l:GridData span="XL1 L1 M1 S2"/>
							</layoutData>
						</Button>
					</smartForm:GroupElement>
					<smartForm:GroupElement>
						<l:VerticalLayout>
							<Tokenizer tokens="{list>/}">
								<Token key="{list>DlName}" text="{list>DlName}" delete="onDeleteToken"></Token>
							</Tokenizer>
						</l:VerticalLayout>
					</smartForm:GroupElement>
				</smartForm:Group>
			</smartForm:SmartForm>
		</content>
		<beginButton >
			<Button text="Create" press="createAdmin"></Button>
		</beginButton>
		<endButton>
			<Button text="Close" press="closeCreateDialog"></Button>
		</endButton>
	</Dialog>
</core:FragmentDefinition>