<core:FragmentDefinition xmlns="sap.m" xmlns:core="sap.ui.core" class="sapUiSizeCompact">
	<Dialog showHeader="false" stretch="true">
		<Table inset="false" items="{ path: '/results', sorter: { path: 'ProjectId' } }" width="auto">
			<columns>
				<Column width="auto">
					<Text text="Project No"/>
				</Column>
				<Column minScreenWidth="Tablet" demandPopin="true">
					<Text text="Attribute"/>
				</Column>
				<Column minScreenWidth="Tablet" demandPopin="true" hAlign="Begin">
					<Text text="Description"/>
				</Column>
				<Column hAlign="end" minScreenWidth="Tablet" demandPopin="true">
					<Text text="Value"/>
				</Column>
			</columns>
			<items>
				<ColumnListItem>
					<cells>
						<ObjectIdentifier title="{ProjectId}"/>
						<Text text="{Attribute}"/>
						<Text text="{Description}"/>
						<Text text="{Value}"/>
					</cells>
				</ColumnListItem>
			</items>
		</Table>
		<endButton>
			<Button text="{i18n>close}" press="closeAttributes"/>
		</endButton>
	</Dialog>
</core:FragmentDefinition>