<core:FragmentDefinition xmlns="sap.m" xmlns:core="sap.ui.core" xmlns:f="sap.f" xmlns:c="sap.suite.ui.commons">
	<Dialog title="{i18n>projectPhase} {prj>/ShortText}" stretch="false">
		<endButton>
			<Button text="{i18n>close}" press="closePhaseBox"/>
		</endButton>
		
		<content>
			<c:ProcessFlow scrollable="true" foldedCorners="true" lanes="{path : 'prj>/lanes', templateShareable:false}"
				nodes="{path : 'prj>/nodes', templateShareable:false}">
				<c:nodes>
					<c:ProcessFlowNode title="{prj>text}" laneId="{prj>lane}" nodeId="{prj>id}" highlighted="{prj>highlighted}"/>
				</c:nodes>
				<c:lanes>
					<c:ProcessFlowLaneHeader text="{prj>label}" laneId="{prj>id}" iconSrc="{prj>icon}" position="{prj>position}" state="{prj>state}"/>
				</c:lanes>
			</c:ProcessFlow>
		</content>
	</Dialog>
</core:FragmentDefinition>